A,,,,,,,,B,MMULT A * B,MMULT A * B / 256,Comparison,RES,Label,Correct,Model Accuracy
160,129,104,71,184,193,55,86,75,39456,154,128,1,1,1,95.3125
39,31,145,150,32,65,90,45,66,19183,74,128,2,2,1,
153,159,93,24,149,136,108,61,57,37444,146,128,1,1,1,
133,73,183,124,151,39,68,67,0,30600,119,128,2,2,1,
91,24,115,144,125,0,255,42,1,20213,78,128,2,2,1,
148,92,126,71,175,204,100,156,46,41085,160,128,1,1,1,
170,149,168,58,198,192,48,86,14,45044,175,128,1,1,1,
91,79,47,91,104,71,146,75,37,22907,89,128,2,2,1,
64,73,151,145,78,41,78,39,,22724,88,128,2,2,1,
96,12,126,98,177,40,118,78,,21729,84,128,2,2,1,
26,108,116,129,0,85,54,92,,23760,92,128,2,2,1,
135,167,172,73,161,159,58,64,,41606,162,128,1,1,1,
116,104,171,124,132,166,108,72,,37255,145,128,1,1,1,
57,64,157,177,83,71,156,22,,23795,92,128,2,2,1,
146,14,127,144,151,94,0,45,,25253,98,128,2,2,1,
138,111,101,84,175,136,48,103,,34347,134,128,1,1,1,
137,140,111,45,157,255,98,75,,41876,163,128,1,1,1,
161,156,172,124,170,189,110,125,,47204,184,128,1,1,1,
69,64,77,98,92,178,136,67,,26451,103,128,2,2,1,
151,181,181,82,175,152,95,89,,45378,177,128,1,1,1,
104,90,177,106,121,128,85,89,,34321,134,128,1,1,1,
61,25,71,117,129,53,63,45,,15386,60,128,2,2,1,
255,34,255,236,192,36,60,136,,43624,170,128,1,2,0,
95,2,118,98,124,85,115,50,,21477,83,128,2,2,1,
166,219,156,82,253,225,43,120,,51441,200,128,1,1,1,
92,184,107,84,120,153,83,67,,35942,140,128,1,1,1,
43,41,119,98,57,55,68,117,,20582,80,128,2,2,1,
137,117,144,131,147,165,88,83,,38245,149,128,1,1,1,
117,73,127,91,142,149,33,92,,31694,123,128,2,1,0,
89,111,129,137,210,63,75,86,,28694,112,128,2,2,1,
83,60,214,124,60,49,136,92,,30005,117,128,2,2,1,
140,19,141,137,162,57,15,33,,24006,93,128,2,2,1,
86,12,114,157,83,94,93,106,,23371,91,128,2,2,1,
156,225,129,98,170,207,141,97,,49158,192,128,1,1,1,
118,18,111,137,138,70,43,42,,21879,85,128,2,2,1,
100,138,116,71,143,201,88,72,,36505,142,128,1,1,1,
148,41,47,58,173,140,108,22,,25424,99,128,2,2,1,
177,159,141,11,184,251,141,58,,47656,186,128,1,1,1,
96,0,88,111,122,65,173,45,,19415,75,128,2,2,1,
149,226,137,112,162,172,100,100,,47074,183,128,1,1,1,
160,214,149,61,200,214,90,117,,50250,196,128,1,1,1,
136,116,197,116,170,191,141,103,,43826,171,128,1,1,1,
124,141,107,8,143,146,90,83,,35895,140,128,1,1,1,
73,86,81,55,74,88,93,184,,28000,109,128,2,2,1,
64,40,130,161,63,76,161,56,,22735,88,128,2,2,1,
58,43,131,157,51,136,38,42,,23048,90,128,2,2,1,
180,167,145,45,255,188,80,114,,47028,183,128,1,1,1,
117,135,101,65,120,137,123,78,,34472,134,128,1,1,1,
83,6,79,111,116,80,43,61,,17779,69,128,2,2,1,
137,23,116,98,161,85,183,50,,26888,105,128,2,2,1,
152,184,183,157,175,182,125,86,,47454,185,128,1,1,1,
120,110,203,65,138,152,100,111,,40468,158,128,1,1,1,
191,255,153,78,203,213,136,106,,55703,217,128,1,1,1,
0,44,0,0,81,90,90,50,,10235,39,128,2,2,1,
83,21,48,71,78,135,125,45,,20050,78,128,2,2,1,
118,73,164,99,122,90,125,78,,31914,124,128,2,2,1,
123,175,183,117,170,184,141,173,,48215,188,128,1,1,1,
111,185,149,53,129,226,83,72,,43379,169,128,1,1,1,
176,184,156,80,212,181,50,106,,47396,185,128,1,1,1,
146,183,186,124,157,220,95,139,,50380,196,128,1,1,1,
96,120,115,111,129,97,118,255,,37353,145,128,1,2,0,
126,200,181,86,175,185,110,125,,47817,186,128,1,1,1,
111,80,115,108,101,114,118,45,,28822,112,128,2,2,1,
141,144,146,66,157,216,88,159,,45609,178,128,1,1,1,
