input V,,,,,,,,,"Weight N1, hidden","Weight N2, hidden","w, output",,N1,,sigmoid N1,,,N2,,sigmoid N2,Solution,Prediction,Actual,,accuracy
44,90,0,0,24,81,22,,,26,6,80,5377,5403,21,18,,3723,3729,14,16,16,0,0,1,0.921875
159,250,140,176,121,183,138,,,25,18,50,25379,25404,99,84,,19423,19441,75,56,60,1,1,1,
167,158,172,134,172,161,118,,,31,6,200,22020,22051,86,68,,20135,20141,78,59,59,1,1,1,
130,178,136,120,135,121,86,,,29,26,,19054,19083,74,55,,15803,15829,61,43,44,0,1,0,
34,112,142,112,163,159,43,,,22,1,,13934,13956,54,37,,13018,13019,50,34,34,0,0,1,
63,28,145,126,190,165,66,,,1,28,,13141,13142,51,35,,14973,15001,58,40,38,0,0,1,
88,214,157,140,205,174,128,,,11,9,,21914,21925,85,67,,20156,20165,78,59,59,1,1,1,
185,203,170,110,211,138,126,,,26,45,,23273,23299,91,74,,21898,21943,85,67,67,1,1,1,
140,255,110,136,133,156,131,,,,,,22842,22842,89,72,,18069,18069,70,51,54,1,1,1,
73,90,164,118,75,121,111,,,,,,16259,16259,63,44,,14420,14420,56,39,39,0,0,1,
16,93,187,88,162,101,27,,,,,,12617,12617,49,34,,12456,12456,48,33,32,0,0,1,
31,110,120,77,166,101,45,,,,,,11806,11806,46,32,,11997,11997,46,32,31,0,0,1,
183,181,155,175,135,211,185,,,,,,25797,25797,100,86,,22589,22589,88,70,71,1,1,1,
129,193,104,159,184,183,161,,,,,,22105,22105,86,68,,20387,20387,79,60,60,1,1,1,
190,183,143,124,139,138,145,,,,,,22725,22725,88,70,,20019,20019,78,59,60,1,1,1,
79,113,115,111,164,101,88,,,,,,14818,14818,57,39,,14662,14662,57,39,38,0,0,1,
213,213,149,159,133,199,183,,,,,,26827,26827,104,91,,22895,22895,89,72,74,1,1,1,
13,94,127,146,132,150,89,,,,,,14230,14230,55,38,,13297,13297,51,35,35,0,0,1,
103,175,164,139,187,147,128,,,,,,20946,20946,81,62,,19626,19626,76,57,56,1,1,1,
42,82,104,83,167,50,71,,,,,,10997,10997,42,29,,12356,12356,48,33,31,0,0,1,
26,90,109,143,135,220,106,,,,,,15058,15058,58,40,,14515,14515,56,39,38,0,0,1,
69,90,101,180,125,222,108,,,,,,16779,16779,65,46,,14946,14946,58,40,40,0,1,0,
143,225,125,147,196,197,121,,,,,,22918,22918,89,72,,20027,20027,78,59,60,1,1,1,
73,87,125,29,8,87,67,,,,,,11492,11492,44,30,,9137,9137,35,25,25,0,0,1,
100,136,254,119,170,140,77,,,,,,20412,20412,79,60,,18824,18824,73,54,54,1,1,1,
110,136,101,137,186,174,126,,,,,,18285,18285,71,52,,18003,18003,70,51,50,1,1,1,
165,143,179,151,167,156,147,,,,,,22776,22776,88,70,,21328,21328,83,64,63,1,1,1,
182,207,131,105,130,101,124,,,,,,21541,21541,84,66,,18158,18158,70,51,53,1,1,1,
34,51,194,94,90,94,58,,,,,,12757,12757,49,34,,12032,12032,47,32,31,0,0,1,
108,85,116,25,24,0,59,,,,,,10807,10807,42,29,,8822,8822,34,24,24,0,0,1,
18,70,110,118,179,138,50,,,,,,11403,11403,44,30,,12226,12226,47,32,31,0,0,1,
35,165,120,72,126,72,82,,,,,,14104,14104,55,38,,12678,12678,49,34,34,0,0,1,
72,99,85,76,210,101,56,,,,,,11783,11783,46,32,,13485,13485,52,36,34,0,0,1,
27,85,85,109,122,133,54,,,,,,11162,11162,43,30,,10358,10358,40,28,28,0,0,1,
149,166,176,111,135,115,98,,,,,,20365,20365,79,60,,17590,17590,68,49,50,1,1,1,
138,180,136,131,255,139,84,,,,,,19824,19824,77,58,,19402,19402,75,56,55,1,1,1,
120,97,115,96,110,128,44,,,,,,14116,14116,55,38,,12040,12040,47,32,32,0,0,1,
183,181,183,152,119,174,148,,,,,,24718,24718,96,80,,20848,20848,81,62,64,1,1,1,
38,113,125,67,88,26,68,,,,,,11694,11694,45,31,,10437,10437,40,28,28,0,0,1,
180,188,169,137,188,124,145,,,,,,23565,23565,92,75,,21804,21804,85,67,67,1,1,1,
86,87,80,72,76,73,71,,,,,,11476,11476,44,30,,10202,10202,39,27,27,0,0,1,
219,224,155,165,197,252,218,,,,,,29181,29181,113,104,,27075,27075,105,92,92,1,1,1,
31,65,145,38,112,32,78,,,,,,10323,10323,40,28,,11690,11690,45,31,30,0,0,1,
21,134,48,83,94,78,111,,,,,,11735,11735,45,31,,10842,10842,42,29,29,0,0,1,
111,62,128,89,163,209,65,,,,,,14519,14519,56,39,,15157,15157,59,41,39,0,1,0,
224,206,128,155,167,170,150,,,,,,25045,25045,97,82,,21707,21707,84,66,67,1,1,1,
231,225,139,174,149,202,208,,,,,,28388,28388,110,99,,24646,24646,96,80,82,1,1,1,
140,146,106,124,192,142,104,,,,,,18286,18286,71,52,,17610,17610,68,49,48,0,1,0,
116,191,196,136,192,170,108,,,,,,22367,22367,87,69,,20232,20232,79,60,60,1,1,1,
43,136,131,58,44,50,118,,,,,,14028,14028,54,37,,12046,12046,47,32,32,0,0,1,
39,76,130,63,71,62,39,,,,,,10254,10254,40,28,,8902,8902,34,24,24,0,0,1,
103,166,170,115,236,131,75,,,,,,18808,18808,73,54,,18547,18547,72,53,52,1,1,1,
83,148,206,120,142,156,102,,,,,,19787,19787,77,58,,17828,17828,69,50,50,1,1,1,
73,41,150,63,123,78,51,,,,,,11139,11139,43,30,,11964,11964,46,32,31,0,0,1,
159,136,93,153,140,149,198,,,,,,21181,21181,82,63,,20420,20420,79,60,59,1,1,1,
14,77,160,67,68,72,56,,,,,,11167,11167,43,30,,10013,10013,39,27,27,0,0,1,
37,70,131,53,72,46,37,,,,,,9600,9600,37,26,,8640,8640,33,24,24,0,0,1,
225,171,136,148,136,161,188,,,,,,24921,24921,97,82,,22477,22477,87,69,70,1,1,1,
64,177,76,69,92,92,84,,,,,,14097,14097,55,38,,11443,11443,44,30,31,0,0,1,
44,54,166,93,158,101,59,,,,,,12437,12437,48,33,,13513,13513,52,36,34,0,0,1,
153,170,150,125,152,171,166,,,,,,22544,22544,88,70,,21064,21064,82,63,63,1,1,1,
86,155,136,41,36,131,63,,,,,,14916,14916,58,40,,11077,11077,43,30,31,0,0,1,
138,160,104,119,149,124,100,,,,,,18157,18157,70,51,,16055,16055,62,44,44,0,1,0,
19,56,140,139,217,161,51,,,,,,12643,12643,49,34,,14277,14277,55,38,36,0,0,1,
